"Relative Time","Throughput"
"00:00","0"
"00:01","0"
"00:02","0"
"00:03","0"
"00:04","0"
"00:05","0"
"00:06","62911"
"00:07","0"
"00:08","0"
"00:09","0"
"00:10","0"
"00:11","54487"
"00:12","0"
"00:13","0"
"00:14","0"
"00:15","0"
"00:16","99404"
"00:17","0"
"00:18","0"
"00:19","0"
"00:20","0"
"00:21","92093"
"00:22","0"
"00:23","0"
"00:24","0"
"00:25","0"
"00:26","73568"
"00:27","34820"
"00:28","0"
"00:29","0"
"00:30","0"
"00:31","77528"
"00:32","0"
"00:33","0"
"00:34","0"
"00:35","0"
"00:36","57885"
"00:37","19105"
"00:38","0"
"00:39","0"
"00:40","0"
"00:41","67438"
"00:42","0"
"00:43","0"
"00:44","0"
"00:45","0"
"00:46","45519"
"00:47","29784"
"00:48","0"
"00:49","0"
"00:50","0"
"00:51","26974"
"00:52","40464"
"00:53","0"
"00:54","0"
"00:55","0"
"00:56","0"
"00:57","61818"
"00:58","11800"
"00:59","0"
"01:00","0"
"01:01","0"
"01:02","67999"
"01:03","0"
"01:04","0"
"01:05","0"
"01:06","0"
"01:07","30909"
"01:08","42149"
"01:09","0"
"01:10","0"
"01:11","0"
"01:12","38216"
"01:13","28661"
"01:14","0"
"01:15","0"
"01:16","0"
"01:17","17984"
"01:18","26975"
"01:19","26976"
"01:20","0"
"01:21","0"
"01:22","8430"
"01:23","42150"
"01:24","16860"
"01:25","0"
"01:26","0"
"01:27","7868"
"01:28","31472"
"01:29","15736"
"01:30","15736"
"01:31","0"
"01:32","0"
"01:33","31470"
"01:34","31472"
"01:35","7868"
"01:36","0"
"01:37","0"
"01:38","21918"
"01:39","29224"
"01:40","7306"
"01:41","14611"
"01:42","0"
"01:43","6744"
"01:44","26975"
"01:45","20232"
"01:46","13487"
"01:47","0"
"01:48","13487"
"01:49","13488"
"01:50","26975"
"01:51","6744"
"01:52","13488"
"01:53","13488"
"01:54","12926"
"01:55","18546"
"01:56","18545"
"01:57","6181"
"01:58","6181"
"01:59","12363"
"02:00","11240"
"02:01","16859"
"02:02","11240"
"02:03","16859"
"02:04","5620"
"02:05","11240"
"02:06","28100"
"02:07","11240"
"02:08","11240"
"02:09","5620"
"02:10","16860"
"02:11","16860"
"02:12","11240"
"02:13","11240"
"02:14","16860"
"02:15","16860"
"02:16","5619"
"02:17","22480"
"02:18","11240"
"02:19","16860"
"02:20","5620"
"02:21","11240"
"02:22","22479"
"02:23","11240"
"02:24","10678"
"02:25","20793"
"02:26","0"
"02:27","15173"
"02:28","10115"
"02:29","25290"
"02:30","9554"
"02:31","8991"
"02:32","4496"
"02:33","8992"
"02:34","19668"
"02:35","17983"
"02:36","13488"
"02:37","8992"
"02:38","13488"
"02:39","8992"
"02:40","26976"
"02:41","17984"
"02:42","4496"
"02:43","4496"
"02:44","8992"
"02:45","13488"
"02:46","26976"
"02:47","13488"
"02:48","4496"
"02:49","17984"
"02:50","8992"
"02:51","22480"
"02:52","17984"
"02:53","4496"
"02:54","8992"
"02:55","13488"
"02:56","8992"
"02:57","26976"
"02:58","13488"
"02:59","4496"
"03:00","17984"
"03:01","8992"
"03:02","17984"
"03:03","17984"
"03:04","17984"
"03:05","8992"
"03:06","4496"
"03:07","8992"
"03:08","13488"
"03:09","21356"
"03:10","17984"
"03:11","7867"
"03:12","7868"
"03:13","15736"
"03:14","7868"
"03:15","18546"
"03:16","15736"
"03:17","10116"
"03:18","3372"
"03:19","3372"
"03:20","13487"
"03:21","13488"
"03:22","13487"
"03:23","16860"
"03:24","13488"
"03:25","16860"
"03:26","6744"
"03:27","16860"
"03:28","20232"
"03:29","0"
"03:30","16860"
"03:31","10115"
"03:32","10116"
"03:33","20232"
"03:34","13488"
"03:35","16858"
"03:36","13488"
"03:37","10116"
"03:38","20232"
"03:39","10115"
"03:40","13488"
"03:41","13487"
"03:42","10116"
"03:43","13487"
"03:44","16859"
"03:45","10116"
"03:46","20232"
"03:47","13488"
"03:48","13488"
"03:49","13487"
"03:50","10116"
"03:51","10116"
"03:52","13488"
"03:53","13488"
"03:54","6744"
"03:55","20232"
"03:56","16860"
"03:57","13487"
"03:58","16859"
"03:59","6744"
"04:00","16860"
"04:01","16859"
"04:02","10116"
"04:03","13488"
"04:04","10116"
"04:05","10116"
"04:06","10116"
"04:07","20232"
"04:08","16859"
"04:09","10116"
"04:10","16860"
"04:11","13487"
"04:12","13488"
"04:13","16860"
"04:14","10115"
"04:15","3372"
"04:16","16860"
"04:17","10116"
"04:18","10116"
"04:19","20232"
"04:20","16860"
"04:21","10116"
"04:22","16860"
"04:23","13488"
"04:24","6744"
"04:25","20232"
"04:26","13487"
"04:27","10116"
"04:28","13488"
"04:29","10116"
"04:30","10116"
"04:31","13488"
"04:32","16859"
"04:33","13488"
"04:34","13488"
"04:35","16860"
"04:36","13488"
"04:37","13488"
"04:38","16859"
"04:39","10116"
"04:40","3372"
"04:41","16860"
"04:42","10116"
"04:43","10116"
"04:44","20232"
"04:45","13488"
"04:46","13488"
"04:47","13488"
"04:48","13488"
"04:49","10116"
"04:50","16858"
"04:51","16859"
"04:52","6744"
"04:53","16859"
"04:54","6744"
"04:55","13488"
"04:56","10116"
"04:57","20232"
"04:58","13488"
"04:59","13488"
"05:00","16860"
"05:01","13488"
"05:02","13487"
"05:03","16860"
"05:04","10116"
"05:05","3372"
"05:06","16860"
"05:07","13488"
"05:08","6744"
"05:09","20232"
"05:10","13488"
"05:11","13488"
"05:12","13488"
"05:13","13488"
"05:14","10116"
"05:15","16860"
"05:16","13487"
"05:17","10116"
"05:18","16860"
"05:19","6744"
"05:20","10116"
"05:21","13488"
"05:22","20230"
"05:23","10116"
"05:24","13488"
"05:25","20232"
"05:26","10115"
"05:27","10116"
"05:28","20232"
"05:29","13488"
"05:30","3372"
"05:31","13488"
"05:32","13488"
"05:33","10115"
"05:34","13488"
"05:35","16860"
"05:36","13488"
"05:37","13488"
"05:38","16860"
"05:39","10115"
"05:40","16860"
"05:41","13488"
"05:42","10116"
"05:43","6743"
"05:44","16860"
"05:45","10116"
"05:46","10116"
"05:47","20228"
"05:48","13488"
"05:49","13487"
"05:50","20232"
"05:51","10115"
"05:52","10116"
"05:53","23602"
"05:54","10116"
"05:55","6744"
"05:56","16860"
"05:57","10116"
"05:58","10116"
"05:59","16860"
"06:00","16860"
"06:01","10116"
"06:02","13486"
"06:03","13487"
"06:04","10116"
"06:05","20231"
"06:06","16860"
"06:07","6744"
"06:08","13487"
"06:09","13488"
"06:10","6744"
"06:11","10116"
"06:12","20232"
"06:13","10116"
"06:14","13488"
"06:15","20230"
"06:16","13488"
"06:17","6744"
"06:18","23604"
"06:19","10116"
"06:20","3372"
"06:21","16860"
"06:22","13488"
"06:23","6744"
"06:24","20232"
"06:25","13488"
"06:26","13487"
"06:27","13487"
"06:28","13488"
"06:29","10116"
"06:30","16860"
"06:31","16860"
"06:32","10116"
"06:33","10116"
"06:34","10116"
"06:35","10115"
"06:36","10116"
"06:37","20232"
"06:38","13488"
"06:39","10116"
"06:40","16860"
"06:41","16860"
"06:42","6744"
"06:43","20232"
"06:44","16860"
"06:45","3371"
"06:46","13488"
"06:47","13488"
"06:48","6744"
"06:49","13488"
"06:50","16860"
"06:51","13488"
"06:52","16860"
"06:53","13488"
"06:54","13488"
"06:55","16860"
"06:56","13488"
"06:57","10116"
"06:58","3372"
"06:59","20231"
"07:00","10116"
"07:01","6743"
"07:02","20232"
"07:03","16860"
"07:04","10116"
"07:05","13487"
"07:06","16859"
"07:07","6744"
"07:08","16860"
"07:09","20232"
"07:10","6744"
"07:11","13488"
"07:12","10116"
"07:13","10116"
"07:14","10116"
"07:15","20232"
"07:16","10116"
"07:17","13488"
"07:18","20232"
"07:19","13488"
"07:20","6743"
"07:21","23604"
"07:22","10115"
"07:23","3372"
"07:24","16860"
"07:25","13488"
"07:26","6744"
"07:27","20232"
"07:28","13488"
"07:29","10116"
"07:30","13488"
"07:31","16860"
"07:32","10116"
"07:33","16860"
"07:34","13488"
"07:35","13488"
"07:36","6744"
"07:37","13488"
"07:38","10116"
"07:39","6744"
"07:40","20232"
"07:41","16859"
"07:42","10116"
"07:43","13488"
"07:44","16860"
"07:45","6744"
"07:46","20230"
"07:47","20232"
"07:48","3372"
"07:49","13488"
"07:50","13488"
"07:51","6744"
"07:52","13488"
"07:53","16860"
"07:54","13488"
"07:55","13488"
"07:56","16860"
"07:57","13488"
"07:58","13488"
"07:59","16860"
"08:00","10115"
"08:01","3372"
"08:02","20232"
"08:03","10116"
"08:04","6744"
"08:05","20231"
"08:06","13488"
"08:07","10116"
"08:08","16860"
"08:09","16859"
"08:10","6744"
"08:11","16860"
"08:12","13488"
"08:13","13488"
"08:14","13488"
"08:15","6744"
"08:16","10116"
"08:17","10116"
"08:18","23603"
"08:19","10116"
"08:20","13487"
"08:21","20232"
"08:22","10116"
"08:23","10115"
"08:24","20231"
"08:25","13486"
"08:26","3372"
"08:27","16860"
"08:28","10116"
"08:29","10116"
"08:30","16860"
"08:31","13488"
"08:32","13488"
"08:33","13488"
"08:34","16860"
"08:35","10116"
"08:36","16860"
"08:37","13488"
"08:38","13488"
"08:39","6744"
"08:40","13488"
"08:41","10116"
"08:42","10116"
"08:43","20231"
"08:44","13488"
"08:45","10116"
"08:46","20232"
"08:47","10116"
"08:48","10116"
"08:49","16860"
"08:50","20232"
"08:51","3372"
"08:52","13485"
"08:53","13488"
"08:54","6744"
"08:55","10116"
"08:56","20230"
"08:57","13488"
"08:58","13488"
"08:59","16859"
"09:00","13488"
"09:01","6744"
"09:02","23603"
"09:03","10116"
"09:04","3372"
"09:05","16858"
"09:06","10116"
"09:07","10116"
"09:08","20232"
"09:09","13487"
"09:10","10116"
"09:11","16859"
"09:12","13488"
"09:13","13488"
"09:14","16859"
"09:15","20232"
"09:16","3372"
"09:17","13488"
"09:18","13488"
"09:19","10116"
"09:20","10116"
"09:21","16860"
"09:22","13488"
"09:23","16860"
"09:24","16860"
"09:25","10116"
"09:26","16860"
"09:27","13488"
"09:28","13488"
"09:29","0"
"09:30","20232"
"09:31","10116"
"09:32","6744"
"09:33","20232"
"09:34","13488"
"09:35","10116"
"09:36","16860"
"09:37","16860"
"09:38","6744"
"09:39","16860"
"09:40","13488"
"09:41","13488"
"09:42","10116"
"09:43","10116"
"09:44","10116"
"09:45","10116"
"09:46","20231"
"09:47","13487"
"09:48","10116"
"09:49","20232"
"09:50","13488"
"09:51","6744"
"09:52","20231"
"09:53","16860"
"09:54","3372"
"09:55","13488"
"09:56","13488"
"09:57","10116"
"09:58","8430"
"09:59","14050"
"10:00","9553"
"10:01","11240"
"10:02","6744"
"10:03","6744"
"10:04","4496"
"10:05","5620"
"10:06","3933"
"10:07","562"
"10:08","1686"
"10:09","0"
"10:10","0"
"10:11","0"
"10:12","0"
"10:13","0"
"10:14","1124"
"10:15","1124"
"10:16","0"
"10:17","0"
"10:18","0"
"10:19","0"
"10:20","0"
"10:21","0"
"10:22","0"
"10:23","0"
"10:24","0"
"10:25","0"
"10:26","0"
"10:27","0"
"10:28","0"
"10:29","0"
"10:30","0"
"10:31","0"
"10:32","0"
"10:33","0"
"10:34","0"
"10:35","0"
"10:36","0"
"10:37","0"
"10:38","0"
"10:39","0"
"10:40","563"
"10:41","1689"
"10:42","0"
"10:43","0"
"10:44","0"
"10:45","0"
"10:46","0"
"10:47","0"
"10:48","0"
"10:49","0"
"10:50","0"
"10:51","0"
"10:52","0"
"10:53","0"
"10:54","0"
"10:55","0"
"10:56","0"
"10:57","0"
"10:58","0"
"10:59","0"
"11:00","0"
"11:01","0"
"11:02","0"
"11:03","0"
"11:04","0"
"11:05","0"
"11:06","1126"
"11:07","1126"
"11:08","0"
"11:09","0"
"11:10","0"
"11:11","0"
"11:12","0"
"11:13","0"
"11:14","0"
"11:15","0"
"11:16","0"
"11:17","0"
"11:18","0"
"11:19","0"
"11:20","0"
"11:21","0"
"11:22","0"
"11:23","0"
"11:24","0"
"11:25","0"
"11:26","0"
"11:27","0"
"11:28","0"
"11:29","0"
"11:30","0"
"11:31","563"
"11:32","1126"
"11:33","563"
"11:34","0"
"11:35","0"
"11:36","0"
"11:37","0"
"11:38","0"
"11:39","0"
"11:40","0"
"11:41","0"
"11:42","0"
"11:43","0"
"11:44","0"
"11:45","0"
"11:46","0"
"11:47","0"
"11:48","0"
"11:49","0"
"11:50","0"
"11:51","0"
"11:52","0"
"11:53","0"
"11:54","0"
"11:55","0"
"11:56","563"
"11:57","1126"
"11:58","563"
"11:59","0"
"12:00","0"
"12:01","0"
"12:02","0"
"12:03","0"
"12:04","0"
"12:05","0"
"12:06","0"
"12:07","0"
"12:08","0"
"12:09","0"
"12:10","0"
"12:11","0"
"12:12","0"
"12:13","0"
"12:14","0"
"12:15","0"
"12:16","0"
"12:17","0"
"12:18","0"
"12:19","0"
"12:20","0"
"12:21","0"
"12:22","0"
"12:23","0"
"12:24","0"
"12:25","0"
"12:26","0"
"12:27","0"
"12:28","0"
"12:29","0"
"12:30","0"
"12:31","0"
"12:32","0"
"12:33","0"
"12:34","0"
"12:35","0"
"12:36","0"
"12:37","0"
"12:38","0"
"12:39","0"
"12:40","0"
"12:41","0"
"12:42","0"
"12:43","0"
"12:44","0"
"12:45","0"
"12:46","0"
"12:47","0"
"12:48","0"
"12:49","0"
"12:50","0"
"12:51","0"
"12:52","0"
"12:53","0"
"12:54","0"
"12:55","0"
"12:56","0"
"12:57","0"
"12:58","0"
"12:59","0"
"13:00","0"
"13:01","0"
"13:02","0"
"13:03","0"
"13:04","0"
"13:05","0"
"13:06","0"
"13:07","0"
"13:08","0"
"13:09","0"
"13:10","64067"
"13:11","77551"
"13:12","23603"
"13:13","0"
"13:14","0"
"13:15","0"
"13:16","0"
"13:17","0"
"13:18","0"
"13:19","0"
"13:20","0"
"13:21","0"
"13:22","23603"
"13:23","80927"
"13:24","60696"
"13:25","0"
"13:26","0"
"13:27","0"
"13:28","0"
"13:29","0"
"13:30","0"
"13:31","0"
"13:32","0"
"13:33","0"
"13:34","0"
"13:35","47208"
"13:36","80928"
"13:37","37091"
"13:38","0"
"13:39","0"
"13:40","0"
"13:41","0"
"13:42","0"
"13:43","0"
"13:44","0"
"13:45","0"
"13:46","0"
"13:47","3372"
"13:48","80927"
"13:49","74182"
"13:50","6744"
"13:51","0"
"13:52","0"
"13:53","0"
"13:54","0"
"13:55","0"
"13:56","0"
"13:57","0"
"13:58","0"
"13:59","0"
"14:00","53950"
"14:01","77556"
"14:02","33720"
"14:03","0"
"14:04","0"
"14:05","0"
"14:06","0"
"14:07","0"
"14:08","0"
"14:09","0"
"14:10","0"
"14:11","0"
"14:12","6744"
"14:13","77555"
"14:14","77556"
"14:15","3372"
"14:16","0"
"14:17","0"
"14:18","0"
"14:19","0"
"14:20","0"
"14:21","0"
"14:22","0"
"14:23","0"
"14:24","0"
"14:25","37092"
"14:26","80926"
"14:27","47206"
"14:28","0"
"14:29","0"
"14:30","0"
"14:31","0"
"14:32","0"
"14:33","0"
"14:34","0"
"14:35","0"
"14:36","0"
"14:37","0"
"14:38","67439"
"14:39","77556"
"14:40","20232"
"14:41","0"
"14:42","0"
"14:43","0"
"14:44","0"
"14:45","0"
"14:46","0"
"14:47","0"
"14:48","0"
"14:49","0"
"14:50","20232"
"14:51","80928"
"14:52","64068"
"14:53","0"
"14:54","0"
"14:55","0"
"14:56","0"
"14:57","0"
"14:58","0"
"14:59","0"
"15:00","0"
"15:01","0"
"15:02","0"
"15:03","47208"
"15:04","80928"
"15:05","37092"
"15:06","0"
"15:07","0"
"15:08","0"
"15:09","0"
"15:10","0"
"15:11","0"
"15:12","0"
"15:13","0"
"15:14","0"
"15:15","3372"
"15:16","74180"
"15:17","77555"
"15:18","10116"
"15:19","0"
"15:20","0"
"15:21","0"
"15:22","0"
"15:23","0"
"15:24","0"
"15:25","0"
"15:26","0"
"15:27","0"
"15:28","60696"
"15:29","77554"
"15:30","26976"
"15:31","0"
"15:32","0"
"15:33","0"
"15:34","0"
"15:35","0"
"15:36","0"
"15:37","0"
"15:38","0"
"15:39","0"
"15:40","16857"
"15:41","80924"
"15:42","67438"
"15:43","0"
"15:44","0"
"15:45","0"
"15:46","0"
"15:47","0"
"15:48","0"
"15:49","0"
"15:50","0"
"15:51","0"
"15:52","0"
"15:53","80925"
"15:54","74184"
"15:55","10116"
"15:56","0"
"15:57","0"
"15:58","0"
"15:59","0"
"16:00","0"
"16:01","0"
"16:02","0"
"16:03","0"
"16:04","0"
"16:05","33720"
"16:06","80928"
"16:07","50576"
"16:08","0"
"16:09","0"
"16:10","0"
"16:11","0"
"16:12","0"
"16:13","0"
"16:14","0"
"16:15","0"
"16:16","0"
"16:17","3372"
"16:18","74184"
"16:19","77553"
"16:20","10116"
"16:21","0"
"16:22","0"
"16:23","0"
"16:24","0"
"16:25","0"
"16:26","0"
"16:27","0"
"16:28","0"
"16:29","0"
"16:30","33720"
"16:31","80925"
"16:32","50580"
"16:33","0"
"16:34","0"
"16:35","0"
"16:36","0"
"16:37","0"
"16:38","0"
"16:39","0"
"16:40","0"
"16:41","0"
"16:42","3372"
"16:43","70812"
"16:44","77556"
"16:45","13488"
"16:46","0"
"16:47","0"
"16:48","0"
"16:49","0"
"16:50","0"
"16:51","0"
"16:52","0"
"16:53","0"
"16:54","0"
"16:55","26975"
"16:56","77553"
"16:57","60693"
"16:58","0"
"16:59","0"
"17:00","0"
"17:01","0"
"17:02","0"
"17:03","0"
"17:04","0"
"17:05","0"
"17:06","0"
"17:07","0"
"17:08","70807"
"17:09","80928"
"17:10","13488"
"17:11","0"
"17:12","0"
"17:13","0"
"17:14","0"
"17:15","0"
"17:16","0"
"17:17","0"
"17:18","0"
"17:19","0"
"17:20","40464"
"17:21","77555"
"17:22","47207"
"17:23","0"
"17:24","0"
"17:25","0"
"17:26","0"
"17:27","0"
"17:28","0"
"17:29","0"
"17:30","0"
"17:31","0"
"17:32","3372"
"17:33","74181"
"17:34","77551"
"17:35","10116"
"17:36","0"
"17:37","0"
"17:38","0"
"17:39","0"
"17:40","0"
"17:41","0"
"17:42","0"
"17:43","0"
"17:44","0"
"17:45","43834"
"17:46","84299"
"17:47","37091"
"17:48","0"
"17:49","0"
"17:50","0"
"17:51","0"
"17:52","0"
"17:53","0"
"17:54","0"
"17:55","0"
"17:56","0"
"17:57","13487"
"17:58","77556"
"17:59","70812"
"18:00","3372"
"18:01","0"
"18:02","0"
"18:03","0"
"18:04","0"
"18:05","0"
"18:06","0"
"18:07","0"
"18:08","0"
"18:09","0"
"18:10","50579"
"18:11","77555"
"18:12","37092"
"18:13","0"
"18:14","0"
"18:15","0"
"18:16","0"
"18:17","0"
"18:18","0"
"18:19","0"
"18:20","0"
"18:21","0"
"18:22","3372"
"18:23","70812"
"18:24","80927"
"18:25","10116"
"18:26","0"
"18:27","0"
"18:28","0"
"18:29","0"
"18:30","0"
"18:31","0"
"18:32","0"
"18:33","0"
"18:34","0"
"18:35","33720"
"18:36","80928"
"18:37","50579"
"18:38","0"
"18:39","0"
"18:40","0"
"18:41","0"
"18:42","0"
"18:43","0"
"18:44","0"
"18:45","0"
"18:46","0"
"18:47","3372"
"18:48","70812"
"18:49","77555"
"18:50","13487"
"18:51","0"
"18:52","0"
"18:53","0"
"18:54","0"
"18:55","0"
"18:56","0"
"18:57","0"
"18:58","0"
"18:59","0"
"19:00","30348"
"19:01","80928"
"19:02","53951"
"19:03","0"
"19:04","0"
"19:05","0"
"19:06","0"
"19:07","0"
"19:08","0"
"19:09","0"
"19:10","0"
"19:11","0"
"19:12","0"
"19:13","64067"
"19:14","80926"
"19:15","20232"
"19:16","0"
"19:17","0"
"19:18","0"
"19:19","0"
"19:20","0"
"19:21","0"
"19:22","0"
"19:23","0"
"19:24","0"
"19:25","13488"
"19:26","84298"
"19:27","67440"
"19:28","0"
"19:29","0"
"19:30","0"
"19:31","0"
"19:32","0"
"19:33","0"
"19:34","0"
"19:35","0"
"19:36","0"
"19:37","0"
"19:38","60695"
"19:39","77555"
"19:40","26975"
"19:41","0"
"19:42","0"
"19:43","0"
"19:44","0"
"19:45","0"
"19:46","0"
"19:47","0"
"19:48","0"
"19:49","0"
"19:50","37090"
"19:51","77555"
"19:52","50580"
"19:53","0"
"19:54","0"
"19:55","0"
"19:56","0"
"19:57","0"
"19:58","0"
"19:59","0"
"20:00","0"
"20:01","0"
"20:02","0"
"20:03","70808"
"20:04","80928"
"20:05","13488"
"20:06","0"
"20:07","0"
"20:08","0"
"20:09","0"
"20:10","0"
"20:11","0"
"20:12","0"
"20:13","0"
"20:14","0"
"20:15","30348"
"20:16","77556"
"20:17","57324"
"20:18","0"
"20:19","0"
"20:20","0"
"20:21","0"
"20:22","0"
"20:23","0"
"20:24","0"
"20:25","0"
"20:26","0"
"20:27","0"
"20:28","64067"
"20:29","84299"
"20:30","16860"
"20:31","0"
"20:32","0"
"20:33","0"
"20:34","0"
"20:35","0"
"20:36","0"
"20:37","0"
"20:38","0"
"20:39","0"
"20:40","26976"
"20:41","80928"
"20:42","57324"
"20:43","0"
"20:44","0"
"20:45","0"
"20:46","0"
"20:47","0"
"20:48","0"
"20:49","0"
"20:50","0"
"20:51","0"
"20:52","0"
"20:53","13487"
"20:54","77556"
"20:55","74183"
"20:56","0"
"20:57","0"
"20:58","0"
"20:59","0"
"21:00","0"
"21:01","0"
"21:02","0"
"21:03","0"
"21:04","0"
"21:05","0"
"21:06","3372"
"21:07","74184"
"21:08","74184"
"21:09","13488"
"21:10","0"
"21:11","0"
"21:12","0"
"21:13","0"
"21:14","0"
"21:15","0"
"21:16","0"
"21:17","0"
"21:18","0"
"21:19","0"
"21:20","64068"
"21:21","74182"
"21:22","26975"
"21:23","0"
"21:24","0"
"21:25","0"
"21:26","0"
"21:27","0"
"21:28","0"
"21:29","0"
"21:30","0"
"21:31","0"
"21:32","0"
"21:33","60696"
"21:34","77555"
"21:35","26976"
"21:36","0"
"21:37","0"
"21:38","0"
"21:39","0"
"21:40","0"
"21:41","0"
"21:42","0"
"21:43","0"
"21:44","0"
"21:45","0"
"21:46","47208"
"21:47","77555"
"21:48","40464"
"21:49","0"
"21:50","0"
"21:51","0"
"21:52","0"
"21:53","0"
"21:54","0"
"21:55","0"
"21:56","0"
"21:57","0"
"21:58","0"
"21:59","23604"
"22:00","77556"
"22:01","64066"
"22:02","0"
"22:03","0"
"22:04","0"
"22:05","0"
"22:06","0"
"22:07","0"
"22:08","0"
"22:09","0"
"22:10","0"
"22:11","0"
"22:12","15736"
"22:13","82046"
"22:14","70809"
"22:15","0"
"22:16","0"
"22:17","0"
"22:18","0"
"22:19","0"
"22:20","0"
"22:21","0"
